Question,Answer
Who developed Python Programming Language?,Answer for Who developed Python Programming Language?
What does pip stand for python?,Answer for What does pip stand for python?
What does the ‘#’ symbol do in Python?,Answer for What does the ‘#’ symbol do in Python?
Which keyword is used for function in Python language?,Answer for Which keyword is used for function in Python language?
What is a pass in Python?,Answer for What is a pass in Python?
"Python supports the creation of anonymous functions at runtime, using a construct called","Answer for Python supports the creation of anonymous functions at runtime, using a construct called"
Is Python code compiled or interpreted?,Answer for Is Python code compiled or interpreted?
What is a break statement,Answer for What is a break statement
Can we Pass a function as an argument in Python?,Answer for Can we Pass a function as an argument in Python?
what is python?,Answer for what is python?
